,max_acc_re_raw,std_acc_re_raw,var_acc_re_raw,iqr_acc_re_raw,mad_acc_re_raw,max_acc_re_jerk,min_acc_re_jerk,range_acc_re_jerk,std_acc_re_jerk,var_acc_re_jerk,mad_acc_re_jerk,max_gyro_re_raw,std_gyro_re_raw,var_gyro_re_raw,iqr_gyro_re_raw,mad_gyro_re_raw,max_gyro_re_jerk,min_gyro_re_jerk,range_gyro_re_jerk,std_gyro_re_jerk,var_gyro_re_jerk,mad_gyro_re_jerk,fall_adl_bin
0,115.02449314198259,24.741780597009267,612.1557071105443,19.252089801712238,5.153206199603622,82.56031854643804,-61.04276889636405,143.6030874428021,17.059249566363984,291.0179957674898,1.1937555860907985,7.56149874099044,2.1532444495558614,4.636461659543124,3.991396527025102,2.015713033701211,3.5322272238218066,-2.65947846210642,6.191705685928227,0.7676662235466322,0.5893114307743478,0.24642667260437834,1.0
1,117.71177201418726,16.768012032551123,281.16622752377924,4.236920271360919,1.884415224183135,89.75123712230796,-58.4366300996308,148.18786722193875,14.20020627201434,201.64585816775536,0.9929993084707482,6.963423866173881,1.822814744421212,3.322653592479368,3.244466372951681,1.2315103674230248,1.3855612076439936,-2.4943600580425085,3.879921265686502,0.5400234261950657,0.2916253008394576,0.1880810128850573,1.0
2,115.10920134763337,14.239560327626855,202.76507832412463,8.481137618890926,4.228994988692474,58.01259302445887,-62.69042994091305,120.70302296537193,10.882919392873097,118.43793451177332,1.3220197312733761,6.80481928195011,1.8832199243201304,3.5465172833563177,2.5748784854680546,1.164196570834719,2.6363211247164875,-3.7128253843914707,6.349146509107959,0.815085441735108,0.6643642773285161,0.24742180961937643,1.0
3,126.85294758455557,14.90296943932254,222.09849810938158,6.632980192150898,3.276835987585992,73.35660613733717,-110.49840561328654,183.8550117506237,14.259770653659608,203.34105909497174,1.035288277850328,6.686850135901058,1.4045454850095358,1.9727480194606724,1.7228810641803287,0.6862464219886064,3.264159955471248,-3.1814171854654063,6.4455771409366545,0.6579700089825393,0.43292453272048287,0.20111649809051024,1.0
4,135.88354278984633,22.889378717868595,523.9236580900158,11.711905530523783,5.950307895536238,118.34707039286751,-54.88120973647064,173.22828012933815,18.794909505042515,353.24862330273754,0.6964172420408214,7.56149874099044,2.007395720160023,4.029637577316778,3.2259617809855516,0.8296880191337059,2.178181020374047,-2.062996557220374,4.241177577594421,0.6742445650177181,0.45460573345593197,0.21174949930008968,1.0
5,117.01479295238701,19.13045177171665,365.9741849899767,9.06524427942684,4.672201897685007,62.3088650972633,-37.343039402177496,99.6519044994408,11.547690712735942,133.34916079700793,1.1247670618188272,6.703561150612412,1.8485528056592362,3.417147475310634,3.606142708829793,1.2092743366097314,3.554252126595557,-2.38673296125143,5.940985087846987,0.6196049623838898,0.3839103094107416,0.04419542964944623,1.0
6,72.74271298219499,13.262884790791944,175.90411297382028,8.574887944933954,3.6607704635460774,57.26268633816107,-18.02518472097362,75.28787105913469,8.782616763823135,77.13435722018717,1.2170393776778,5.559998003596764,1.427649213063135,2.0381822755597887,2.3055028512625935,0.5228126497409908,3.252486888794559,-3.4598927220586218,6.712379610853181,0.7151770722892236,0.5114782447281853,0.12900970012251933,1.0
7,111.58864965008762,16.65746284551622,277.4710684497534,4.520384760599889,2.3544193532056905,47.24683788495676,-74.46585768135805,121.7126955663148,10.820027978933497,117.07300546490369,0.49563797896589845,7.180967580347374,1.8359420483205224,3.3706832047913555,2.8447667202511226,1.0678018340275086,4.9874065399551855,-3.3519421936095273,8.339348733564712,0.7359938988241596,0.5416870191063872,0.19910197241983296,1.0
8,85.79169787164723,15.419756771308268,237.76889888630717,8.485426242932961,3.5427832326584507,70.36628399541544,-72.28346830204447,142.6497522974599,12.2163968599768,149.24035224045102,1.4530026670773082,6.111936893489657,1.6741054360866863,2.8026290111349943,2.9661602460369854,1.3918463678783244,2.388766750303299,-2.0605232331342203,4.449289983437519,0.6287226303362818,0.39529214589697287,0.15490934801235623,1.0
9,96.30020185856309,17.122451800914696,293.178355674647,15.517467772577023,7.383959516461992,63.07239935358241,-22.498624569655682,85.5710239232381,10.083579950988012,101.6785846279674,0.9927291910500635,6.913185732352343,1.85390652968224,3.4369694207984463,3.5827629412343436,1.4362051056131082,2.5310471590725196,-2.126451543150184,4.6574987022227035,0.7021321744624095,0.4929895904153115,0.18241170712395838,1.0
10,110.9628419556745,14.729868852005383,216.9690363972784,3.990710430263219,2.112433016248559,54.22329163285924,-46.78717154982678,101.01046318268601,9.50231388519467,90.29396917276343,1.042186799052101,6.540721704062939,1.3857220551500833,1.9202256141293708,2.2034412479507566,1.0632690569749421,2.806613211776465,-4.304843233737211,7.111456445513676,0.7774784456124713,0.6044727333919844,0.11601766636529914,1.0
11,86.60077032013052,15.562800834621987,242.20076981811079,8.693436892528998,3.1199022875879976,50.147556963143735,-67.0390675747179,117.18662453786163,11.058908658990852,122.29946072790285,0.5030793703880985,7.146884145556021,1.871644029064312,3.5030513715320906,3.0376606950596354,1.7270160123485536,2.749210137028116,-2.0631105277914163,4.8123206648195325,0.4749791573236132,0.22560519989184968,0.03313912689296561,1.0
12,82.84453837604504,10.225162962194071,104.55395760342545,7.966965966495518,3.224734102474587,42.47310610160127,-58.32028460044566,100.79339070204693,9.020694653292768,81.37293202794474,1.7229015454061072,4.847344956777885,1.6310959067803423,2.6604738571155875,3.4306326789703325,1.5955031185675734,2.607662779732914,-2.6308991090669362,5.23856188879985,0.6981239510310635,0.4873770510032228,0.14083322623145433,1.0
13,102.57759201058484,17.044364308152836,290.5103546690343,3.6131929511394336,1.5841055363294334,64.43968473383458,-42.927432123345405,107.36711685717998,10.912120083010945,119.07436470605079,0.4299313625081087,6.01680952083411,1.989185963331691,3.9568607967158274,3.939743107445345,1.3697375812628065,1.7317316164569527,-2.647882756965724,4.379614373422677,0.41383786995921534,0.17126178261238043,0.049763770127657314,1.0
14,98.03984883816376,15.60427616632227,243.49343467485326,8.535607875133092,3.6776298001995276,63.48553910663896,-62.071591967855255,125.55713107449421,12.784213490456287,163.43611456956452,0.7716368388894956,7.056790197391447,1.8310939677573164,3.3529051187572323,3.1792797073314825,1.1426641716255859,2.539790458238729,-4.642958861543944,7.182749319782673,0.6473409029990027,0.4190502446955643,0.07937496234241359,1.0
15,98.57249573856797,10.628786361009258,112.97109950797642,3.17654315095033,1.5975249601312207,72.04414862062637,-65.03930783523853,137.0834564558649,11.60781792882449,134.7414370687393,0.9073735129805724,6.643055638032847,2.0296979878846786,4.1196739220231136,3.812553823141827,1.5037842065467455,4.469232397955467,-3.1639882310637146,7.633220629019181,0.8894150746775401,0.7910591750636542,0.09676727606745772,1.0
16,85.51111310630917,19.53510452539473,381.6203088180976,13.894941446312174,5.616942699860445,56.8647163142168,-60.01890414382752,116.88362045804432,11.172920151947164,124.83414472178701,1.5220804091063513,6.608110345628318,1.5410925997808396,2.3749664010992673,2.5869594684774375,1.2434090020460957,3.0246622980898183,-1.3294386767129476,4.3541009748027655,0.5864093303172945,0.34387590268317775,0.19262588436955141,1.0
17,78.87991971116604,11.109965824167723,123.4313406141748,4.432273272903103,2.2180300812125475,38.7385427718381,-40.931417261266915,79.66996003310501,7.213215800114537,52.03048217902201,0.6350976262574157,6.457542159366828,1.7491836831917642,3.059643557544306,1.7905011806088473,0.9040891155696779,2.66890322042717,-3.9325026959717913,6.601405916398962,0.5713110369130262,0.32639630089863725,0.090134507458688,1.0
18,84.3270776026894,14.609703252901049,213.44342913782748,5.316703450990287,2.6055914675485337,69.59838942552983,-68.08491941666006,137.6833088421899,11.565787015998383,133.7674292994368,0.6500843242048475,6.390134553356447,1.5936243579933,2.539638594389558,2.545330100360256,1.0951004203970953,1.9955794268390878,-2.69033584802125,4.685915274860338,0.5598298089969004,0.313409415041506,0.1660820371280315,1.0
19,88.89625380622066,14.139468892604045,199.92458056491748,6.489499405070488,3.399004298249281,73.82926643486914,-67.04099152286082,140.87025795772996,11.109810521506711,123.42788982378121,0.7341998406771948,6.521433353949115,1.8682345479655462,3.490300326212029,3.5141292309986665,1.7820865524127152,2.6089697723912164,-1.7013225512767618,4.310292323667978,0.5746189484295762,0.330186935894312,0.11625749580892436,1.0
20,81.37847520536374,16.42001027177223,269.61673732510553,14.850868018903782,4.375696774595655,36.92861090073636,-26.60231805113814,63.5309289518745,7.636437745913583,58.31518144721373,0.5538035201894171,6.185549956956132,1.5108961070124518,2.282807046185382,2.013221538783085,1.0079673273808167,4.038774474983226,-2.7214028724015518,6.7601773473847775,0.621989948523303,0.3868714960640212,0.16121605200438527,1.0
21,88.19245696889276,12.260321268078009,150.31547759648598,8.667471040355139,3.928199298712456,74.09945589389102,-32.428459649833925,106.52791554372494,9.733436662640111,94.73978926562667,0.9887379473218627,5.233764947912736,1.4781570747557808,2.184948337650567,2.527253283458837,0.4964593185694264,3.7000720302034162,-3.187934775997425,6.888006806200841,0.7419386432548156,0.5504729503547966,0.1584312201556607,1.0
22,90.98861881405828,16.202352824632417,262.516237053874,7.756745420553635,3.489862287010359,67.36656885006794,-63.66122691343959,131.02779576350753,15.771246939184927,248.7322300167499,1.2994232830013441,6.653987992925746,1.494661572651047,2.234013216759701,2.212485979564039,0.8279563652014615,2.0555251382605633,-2.3702828198308463,4.42580795809141,0.5937246834152836,0.35250899969657873,0.14340934896140345,1.0
23,88.38346969122676,17.40860809268956,303.0596357248564,13.25516062840034,6.673313503153647,61.27549184650101,-43.88193202588311,105.15742387238413,12.084090615368352,146.02524600043347,1.6487954954546469,5.715284424243468,1.629311759364275,2.654656809202709,3.0035691016403088,1.7572422507618586,3.9929451993143767,-2.4241208983722964,6.417066097686673,0.814931364223924,0.6641131283958659,0.16314483177096534,1.0
24,111.10138457863609,13.1884493833477,173.93519713712433,6.544331974035991,3.317147344886741,92.28759080970156,-71.85602666873338,164.14361747843492,11.83993875519247,140.18414972670863,0.8395923868068209,5.416669272717321,1.507855380714736,2.273627849150381,2.2037397665612892,1.0612068196740254,1.6130701592112109,-2.368512575579425,3.981582734790636,0.3845064485175569,0.14784520895158462,0.1333624858991005,1.0
25,102.66553052412479,18.468157889426422,341.0728558287834,18.39428932031225,9.063121096137612,48.81817531479255,-32.91184227518701,81.73001758997955,10.303522830683661,106.16258272241944,1.346521000116744,5.592150925180758,1.6227129291973268,2.6331972505841685,3.4079044236897102,1.1556336897744122,2.627524407232854,-2.357829532696445,4.985353939929299,0.7587111253047043,0.5756425716611308,0.16758317922396693,1.0
26,44.539691150927396,9.685527615299442,93.8094451867281,10.646958117812979,6.720795505575097,19.78049135576824,-18.111505639764257,37.891996995532494,4.779305712305362,22.841763091674668,1.0011571609602599,6.493804611319931,1.9401994494807702,3.7643739037654838,3.806977726886288,1.3127507536665717,3.6293881018735137,-1.59452276560495,5.223910867478464,0.6089716023550633,0.3708464124748934,0.12635700990246101,1.0
27,79.14163545846142,13.962118866155022,194.940763232642,8.15490982632965,3.6388987940302853,29.47109034346896,-36.768045146334224,66.23913548980318,7.268546055408618,52.831761759596176,1.1323473706238563,6.191848023005733,1.6858149640116769,2.8419720928856913,3.0955717245887864,1.568857103259234,1.5079774342439576,-2.369473745251814,3.877451179495772,0.5363219663297788,0.28764125156784043,0.14645427645363257,1.0
28,98.47760983259087,14.63112357626531,214.0697771039466,10.409662227413236,4.2526973789676,85.12413835473164,-36.38327831601845,121.50741667075009,13.046903833352264,170.221699636742,1.1085443460327928,5.039096293979705,1.5954637457322953,2.5455045639461265,3.2354090493710577,1.5981591224737048,3.7260396555758155,-3.230841499798012,6.956881155373828,0.7613678752339978,0.5796810414383325,0.11920478981633492,1.0
29,87.14988512694667,14.516518749305433,210.72931659893618,11.697261502395452,4.060672321141344,43.18351565577733,-55.84478266025604,99.02829831603336,9.200879028276333,84.65617489297524,0.7210751124071724,6.299626516707161,1.7730825489195883,3.143821725283184,3.3045578620596956,1.40708375012308,1.8967764604793003,-2.626441698066804,4.523218158546104,0.5265772642628408,0.2772836152385377,0.11671306347561217,1.0
30,81.63660847401734,15.341953081470246,235.37552435403438,15.379399422314865,5.969576441302551,32.96826870098871,-39.44376661731147,72.41203531830018,9.225055648154134,85.10165171154048,1.0699120958793804,7.061700410665975,2.1320350659736196,4.545573522541137,3.925436131092269,1.556127634977139,2.8332734062933627,-1.860746362771628,4.69401976906499,0.6406008593629087,0.41036946101649713,0.13555958064229445,1.0
31,129.77707130259952,17.65794778093619,311.8031198342693,5.007930206635007,2.4400330932751935,101.34472928422193,-40.588398462098084,141.93312774632,12.510203688620859,156.50519633078295,1.107128537949344,7.363502309363391,1.621438965459599,2.629064318710695,2.0904703362835644,1.0457471830887606,1.8679825680487143,-2.625232694831099,4.493215262879813,0.6503031918737814,0.42289424136122816,0.1900852946434768,1.0
32,120.48812193760014,15.291991564617575,233.8450060123351,5.877758510709756,2.417990941611224,49.90314994333261,-58.735887721986536,108.63903766531914,8.47060256991587,71.75110789746535,0.9637051776337264,6.281087155899049,1.6375131188834346,2.6814492145153532,2.2939220219605634,0.783356162978409,1.4753803232070886,-2.0530850852475977,3.5284654084546863,0.40526270916408547,0.16423786343901411,0.12686914576693975,1.0
33,48.91748151571174,8.431317319559271,71.08711174310012,7.918895889617243,2.5155839682469274,14.252145099015557,-11.06814322017479,25.320288319190347,3.6443947187610437,13.281612866133388,0.894165767316867,5.694568967007073,1.4162937353413338,2.005887944767108,2.2502810295137134,1.0990465686043227,2.307635129170807,-2.1063281817284505,4.413963310899257,0.5556831045622111,0.30878371269589727,0.17022232910015161,1.0
34,86.35619552742004,10.026077380738078,100.52222764454771,6.310377483792566,2.7669421231733136,40.0055021162099,-63.36103360648546,103.36653572269535,7.434380982836311,55.270020597958194,0.8986371634532837,4.492418086064564,1.2665943148349563,1.6042611583722326,2.478627358917944,0.9282864337640204,1.04377537188283,-2.241718749204178,3.285494121087008,0.3095103979660391,0.09579668644909588,0.08530613145407706,1.0
35,46.344973138734254,8.090229986137599,65.45182122859998,8.641942447894301,3.4643608533528525,10.066978166033127,-14.507034450810174,24.5740126168433,3.230605688574225,10.43681311504814,0.6612291566451107,4.869712296429841,1.1584974116306175,1.3421162527548403,1.8028341206395,0.9876171764863528,1.0774868260090265,-1.0093598341791188,2.0868466601881455,0.3337887297431324,0.11141491610353386,0.19506041846217181,1.0
36,79.92383439562944,13.822930155209932,191.07339807581207,6.707216206689981,2.5168250776535093,56.840397284333086,-45.350720933302696,102.19111821763579,10.657431175178454,113.58083925366559,1.042580784495171,6.818919774421752,1.5317077360325313,2.3461285886219025,2.7608184928160293,1.1998488312446964,2.509238849794853,-3.6286036112420064,6.137842461036859,0.7215737938214988,0.5206687399299508,0.103662718339576,1.0
37,97.78365102551652,14.586760673696887,212.77358695171006,3.9005093183150397,1.7744446494011772,56.861170384919966,-30.63558710398903,87.496757488909,10.25235552657786,105.11079384335157,0.6769251161141936,7.191038274129822,1.6234742584052877,2.635668667704599,1.7678058143848845,0.6860131737323697,2.087390332042444,-3.481561341658791,5.5689516737012354,0.7282113152603045,0.5302917196731426,0.15750101010013995,1.0
38,70.31900092634991,11.776923950636755,138.69593773908164,7.702765979536213,3.455388037518893,38.65707396856358,-29.22742712891548,67.88450109747906,6.36023117199887,40.45254056126612,0.7064570165562185,7.060972421699436,1.3922271707669944,1.93829649502187,2.0020958526253647,0.6272049671882671,1.7587352807474421,-1.4904083237215116,3.2491436044689537,0.4523807200860555,0.20464831590557808,0.13004863682656198,1.0
39,88.97032353245659,14.995652580747825,224.86959632248892,6.325997615270218,3.4674825003022924,67.74578321211042,-29.47787975070503,97.22366296281545,9.386253051342361,88.1017463438338,0.9255685371682838,6.378944792048291,1.5827493087912912,2.50509537447931,2.515989413690174,0.41479307876132576,1.7963483442596777,-1.4907275205383375,3.287075864798015,0.46139994588241334,0.21288991006029398,0.10677418092644247,1.0
40,92.73614933438847,13.251712887918096,175.60789446381457,8.717918014786882,4.294206851464224,34.57453264921021,-40.5223744748808,75.09690712409102,7.212043470063492,52.01357101408545,0.7253041377081346,7.561614210603448,1.843606879674249,3.3988863267822214,2.3350016217602327,0.811750506521361,1.3066432331615023,-2.0299095036100194,3.3365527367715218,0.4429907782373037,0.196240829603292,0.14556101509961372,1.0
41,93.53111161560092,11.972602872167219,143.34321953462674,7.162652075416804,3.7611208113599917,37.888073550949045,-38.600697001923436,76.48877055287248,6.718466573018844,45.137793092771574,0.8770757231414805,7.561614210603448,1.9266417254133936,3.7119483381038982,2.181234714354325,0.6903928803335957,2.113107219084249,-6.159755273991904,8.272862493076154,0.6761716490587821,0.4572080989908729,0.11335455444789932,1.0
42,33.75620951662079,5.422950064591575,29.408387403053762,5.663065840801598,3.286723655034825,20.880397486501515,-13.69116564771096,34.571563134212475,4.360275463227721,19.012002115225712,0.8499515503041541,6.348583321497797,1.5381477753358097,2.3658985787705005,2.405589932203091,1.0564404572288608,2.121514392597418,-2.771841694328769,4.893356086926187,0.6089271731165914,0.3707923021597633,0.1552090668310143,1.0
43,94.06992139493899,15.406090554033568,237.34762615908232,7.4237691337628675,4.115196512899252,38.0814387290708,-59.62755510642289,97.70899383549369,11.052760791629158,122.16352111697482,0.7571096400424455,7.561614210603448,1.9428288308168637,3.774583865853222,3.3129047151806206,1.322173300454582,2.3460160464245075,-3.42148702812288,5.767503074547387,0.8105447296880731,0.6569827588251116,0.18172413553871614,1.0
44,91.07094993212709,14.215756942331039,202.08774544343314,8.698380334369897,4.404204925880317,72.4482051922763,-39.477808680913824,111.92601387319013,10.125070004650608,102.51704259907545,1.068331008828458,7.561614210603448,1.6894888938043828,2.854372722288357,2.315666650298996,0.9691311960482196,2.0610821945162767,-2.280115909158442,4.341198103674719,0.5389971270918129,0.2905179030132279,0.200338855789262,1.0
45,86.05121250069635,13.613672861905798,185.3320887909904,9.291545269403723,5.189607197447989,52.35762987458712,-56.62863635470954,108.98626622929666,9.943080534608937,98.86485051771915,1.991734213586735,7.561614210603448,1.8207574017890256,3.315157516169523,2.3858834275405263,1.2809718304636268,1.8389865816204125,-3.558890190901895,5.397876772522308,0.6869362689215924,0.47188143755991835,0.2634245690379997,1.0
46,45.98779658746437,8.400981572216272,70.57649137671739,8.75327837365591,4.461659931338182,13.59524320608428,-17.891482319098273,31.486725525182553,4.242700619229495,18.000508544410344,1.38140593976936,6.359799036919328,1.7761806621062848,3.1548177444403205,3.2145569905803066,1.563273884580357,1.506819994180622,-1.9536502276123868,3.460470221793009,0.5996771342711645,0.35961266536767633,0.16068309763713584,1.0
47,103.69187687499922,13.198732531617773,174.2065404411853,7.445992109975209,3.531791213417611,91.85357673688817,-67.58681397608925,159.44039071297743,12.58731687550863,158.44054612446436,0.7978184943927553,7.561614210603448,1.7565310803112015,3.0854014360992363,2.385803402500706,0.5873894499199408,2.2769232865529028,-4.681032355305987,6.95795564185889,0.6972945256835361,0.4862196555482276,0.1495326110062924,1.0
48,103.58769857125893,13.232484991795554,175.09865905809457,8.265859723251605,4.664495529893006,83.92681989455681,-61.1747955666674,145.1016154612242,10.84499901033403,117.61400353414611,1.1315596581737588,7.561614210603448,1.9709597878000034,3.8846824851246344,2.6935775505432713,0.9297281786527428,2.040925961843154,-1.6989052679524252,3.7398312297955796,0.4697530368989179,0.2206679156757561,0.1927418333030248,1.0
49,87.00693623413021,11.408512026995876,130.15414667010955,6.597668533132348,3.2810975851174558,57.19897745446869,-52.756459506050746,109.95543696051944,8.344896709497737,69.63730109218615,1.0209704692346562,7.561556476017356,1.8856368515603037,3.555626335962255,3.250332652783756,0.979804926135007,1.1570657415077876,-2.9839376991567415,4.141003440664529,0.5082346033171689,0.25830241200896,0.1782418323187612,1.0
50,79.77860005897573,11.347415989408217,128.76384963667726,8.192503782730574,4.159868352844553,40.99196205437419,-28.471867446947623,69.46382950132181,6.213999972243049,38.61379565503662,0.9453082125938255,6.709758029914343,1.7586468514387674,3.0928387480754904,3.1256213639021864,0.9075909069967539,1.652497043987374,-1.464928125176302,3.117425169163676,0.41538900480624696,0.17254802531392424,0.10874345903928978,1.0
51,101.41084467457118,15.223237125358954,231.74694857490718,11.842313105163559,4.526533200887128,58.26204354313765,-41.09184586648651,99.35388940962416,9.060642529475421,82.09524304693875,0.8006532904374715,6.503783213638044,1.8429841225280206,3.3965904758903775,2.980147033527103,0.535002004973608,3.0885653626071607,-2.4059438805503035,5.494509243157465,0.6406515349547568,0.4104343892398859,0.09974078844838305,1.0
52,82.33711107599052,12.77517255560754,163.20503382554807,10.488690313359514,4.858545030232568,32.744577720961544,-27.546797671520928,60.29137539248247,5.725087765393479,32.776629921458095,0.6807112293516475,6.582992160864237,1.7280423482971048,2.986130357508172,2.438874471973491,0.6743912933944742,1.9851527665775128,-2.3317241521296674,4.31687691870718,0.4650393793401036,0.21626162433702878,0.10281251741953668,1.0
53,58.92271492302439,9.289435939355595,86.29362007139136,9.184616703916706,3.814203988561733,30.29020567970221,-23.25071935351165,53.54092503321386,5.50877188324145,30.34656766159155,1.3041754483894397,6.752290646884211,1.5777140493815716,2.4891816216159963,2.7320052020386574,0.8989000352760201,1.792845925950223,-1.8520799368316407,3.6449258627818635,0.49991858748633894,0.2499185941143363,0.22217724427545682,1.0
54,42.70459573277798,7.973799724554542,63.581482047306096,7.897046073573656,3.411646703579583,19.99650659784635,-17.025211729056696,37.02171832690304,4.708689113209596,22.17175316485857,1.1493890236194664,5.667181798742652,1.7425345679202553,3.036426720397031,3.2412098400817357,0.901014361816026,1.4971130493612552,-1.709166001654419,3.2062790510156742,0.45634934856586196,0.20825472793648656,0.12933465713225661,1.0
55,84.68470867269959,9.82078326226637,96.4477838844113,6.730814272069775,2.436736616290135,68.14924307871041,-41.54105745841314,109.69030053712356,9.276969791653105,86.06216851524427,1.0881047204149543,6.397105450123517,1.7270974571065718,2.9828656263439868,3.1964731427379056,0.6904639782008538,1.8003774899327034,-2.3999966402334767,4.20037413016618,0.6203243990350881,0.38480236003824314,0.18732296199430215,1.0
56,91.18695165329302,14.167982795705967,200.7317364994203,6.928602456496954,3.5701855796994275,55.7777305559127,-57.80446817555493,113.58219873146763,10.24469411433044,104.95375749619674,0.8493517541064004,7.12286559328477,1.7126473958077688,2.9331611023671327,2.959240336309485,0.7151409209450104,2.6757610431894316,-2.977121995154883,5.6528830383443145,0.7320782012978702,0.535938492815525,0.14553783435750411,1.0
57,88.77479117277606,12.13147859103597,147.17277280476407,5.95279499527183,2.8964555578520734,44.02644714866268,-31.583737344158656,75.61018449282133,7.994992661570177,63.91990765856099,0.9637397173087496,6.5997394281895705,1.685163368352512,2.8397755780371843,2.7984978438765165,1.3780416414159924,1.852633692253673,-1.8470547912711965,3.6996884835248696,0.5152770707269585,0.265510459616955,0.1501634846923789,1.0
58,85.41459447202217,14.224383053861178,202.33307326297304,9.257388729842175,3.7911998159024334,66.64024931626429,-57.877064918201576,124.51731423446586,13.204572500123335,174.36073491101342,1.2456350758021912,7.522558387277562,1.9369638974154284,3.7518291398907664,3.3869432741272107,1.0445315077095019,2.4674089221139086,-3.459623940506396,5.927032862620305,0.8390384236100396,0.7039854762940201,0.3007572876296672,1.0
59,92.58478737616672,14.004859274551372,196.13608329998758,7.071800775837733,3.5428123296242378,64.33582697423333,-41.663756450421985,105.99958342465531,9.663286983654759,93.37911532847147,0.8578178358685298,7.214956857805873,2.0028851682167863,4.011548997062784,3.8576040641065275,1.391737647137163,4.365354531762272,-2.198594885931104,6.563949417693376,0.8118196974606237,0.6590512211850585,0.15701129896164767,1.0
60,112.85504884058135,14.217302405018687,202.13168767575013,4.598057498781737,2.4701124639435452,57.509144900542566,-60.065863829394075,117.57500872993664,10.434740717882642,108.88381384943796,0.5669225615532509,7.130958192276827,1.6739707362487268,2.8021780258171045,2.7975157259311834,1.45586972807367,1.323346427643358,-1.806673060328575,3.130019487971933,0.4070347434574346,0.16567728238145962,0.14633596591636833,1.0
61,80.62293319657874,12.782415253541403,163.39013971396795,4.141030157117443,1.8023129462869303,53.54181775380587,-36.66879899461427,90.21061674842014,8.045746501366448,64.73403676425045,0.6360935438323594,6.326834090601713,1.5318420561547907,2.346540085004537,2.511795890562672,1.5127400829363933,2.837866701058585,-1.0952051165527825,3.9330718176113675,0.48215707707636973,0.23247544697482836,0.13779164596647142,1.0
62,59.88365236297799,8.584347013901233,73.69101365507501,3.054475616376523,1.5186958405975703,15.463300785429269,-25.54942332565943,41.0127241110887,4.012871377144744,16.103136689507558,0.337643949581226,6.303007778830675,1.4888733604482707,2.2167438834525264,2.4415351215844354,1.0183908039747105,1.7302163579391365,-1.381613841618448,3.1118301995575846,0.3225952953064454,0.10406772455385269,0.08554800707049298,1.0
63,85.73585930641858,12.217018093577007,149.25553109878797,3.4339349893504423,1.7464520935254857,42.962190359433194,-56.467192640665466,99.42938300009865,7.517589315612805,56.514149118215805,0.513915661295643,5.971258765955467,1.722539965117227,2.967143931426058,3.3066191905696334,1.6752445057457348,0.7878119737569769,-1.7552456539479029,2.5430576277048798,0.3968771718651914,0.15751148954771269,0.15133006068711952,1.0
64,53.33432161132267,8.20166265838005,67.26727036186571,6.8102361267899045,2.802919567771454,22.46354254072097,-24.701860289599036,47.165402830320005,4.356229734526337,18.976737499971406,0.8107366650360839,6.594900385146087,1.5751010730804835,2.480943390419291,2.8546138011758466,1.0514058300245743,2.0085729296689836,-1.3521141163763977,3.3606870460453813,0.4241618564914971,0.1799132805023134,0.10407373948334331,1.0
65,82.25093131010736,14.38046518915402,206.79777905647057,7.299635649421507,2.356956011473958,34.44379406861583,-59.74781451030425,94.19160857892008,8.107329693419981,65.72879475780933,0.6648918925857723,7.56149874099044,1.6503428004935583,2.723631359140921,2.716098744427235,1.26209947846383,3.840558032803458,-2.6931066258922596,6.533664658695717,0.8237330953473839,0.6785362123705823,0.2398130712829365,1.0
66,95.36610330557708,13.455503782805724,181.05058204909915,5.317701815989537,1.8133055243248153,35.2867423523921,-58.71445736872999,94.00119972112209,7.709687954529129,59.43928835621155,0.5671166119470694,7.56149874099044,1.595250471304741,2.544824066197999,2.620086212100172,1.242596743476668,2.049625023721057,-1.4944893487792323,3.5441143725002893,0.3995445689043843,0.1596358625409903,0.08901342139513457,1.0
67,45.125577335364916,8.367440677121152,70.01406348514168,5.4163772045827425,2.607303442394473,17.1296131018388,-10.612207076963946,27.741820178802747,2.883788447871748,8.316235812078547,0.4532520951849959,4.365343765386639,1.3318039050050776,1.7737016413867739,2.565017278151041,1.3024810188961777,1.7063224992462116,-0.44357613420910713,2.1498986334553187,0.2559999605507251,0.0655359798019728,0.09819601823484936,1.0
68,41.62385802529602,8.05767542995476,64.92613333449663,8.638576472375933,2.796151137847289,18.10675920458644,-20.21817738409918,38.32493658868562,4.375950679321513,19.148944347854414,0.6829331592992203,7.062914266788179,1.5812040609443003,2.5002062823467464,2.615833379945994,1.4161695716312641,2.024170392885379,-2.6057255826434353,4.6298959755288145,0.6499520247825713,0.42243763451896416,0.16183814096482196,1.0
69,84.13427475702159,11.09040804217659,122.99715054197519,4.866389964758579,2.731888692586793,64.2025292647171,-48.46642028047646,112.66894954519356,8.812524061410876,77.66058033294566,0.43072106618196493,3.5964410894660848,0.9838647943905793,0.9679899336412169,1.8627708836682522,0.7960674135316737,1.2196066980372369,-0.5886738890250185,1.8082805870622554,0.21797769146301443,0.04751427397554511,0.0836714981370506,1.0
70,78.926927983927,13.958534996602129,194.8406992513664,11.154944479279099,3.0721244710814286,27.554583490100462,-24.246781205594374,51.801364695694836,4.8292808881029625,23.32195389619654,0.5357301509239365,6.865006013107345,1.6337296528214555,2.6690725785081137,2.5546251014374404,1.064491312125174,0.7693268692982271,-1.4020469370911688,2.171373806389396,0.3728607561891447,0.1390251435059408,0.15755995901373931,1.0
71,54.86531745155586,8.711054299479693,75.88246700848364,2.549998148381139,1.2620751117398896,15.58360217238964,-10.780434093152422,26.36403626554206,2.4962499059992327,6.231263593201177,0.22245824140881432,4.740838520768241,1.2819301729975454,1.643344968441517,1.677718586737111,0.731388445614802,1.5865773249551782,-0.4327112339363488,2.0192885588915273,0.2663263724626408,0.07092973666910928,0.056179896578460786,1.0
72,94.72865261883544,13.24751088380464,175.49654461652239,3.958574922618009,1.8147017105778982,36.65879578269368,-28.83801670903403,65.49681249172771,6.176583747207418,38.15018678626683,0.516597385215924,4.7776682325167785,1.376688383465581,1.8952709051690748,2.445684343761487,1.1812846358437525,1.6995537829449012,-1.3937404043272676,3.0932941872721686,0.33554492221093224,0.11259039482154055,0.0804603655574,1.0
73,83.3570930358059,14.398380909780295,207.31337282312566,3.7327782256198585,1.155323753660202,63.44286086620001,-39.44882553782485,102.89168640402485,8.262255685666092,68.26486901532168,0.28537312566036555,6.076846738235218,1.466079289666802,2.149388483589915,2.3861639824331604,1.1899897921543507,2.856899143941174,-2.227646241288279,5.084545385229453,0.5651593037182107,0.3194050385792527,0.1654382560099626,1.0
74,60.20041909563421,9.650642778368196,93.13490603567021,10.533467447302053,5.245252668703542,13.208301449017899,-11.517981900875249,24.726283349893148,2.817602575672465,7.938884274436109,1.0562785670012627,6.282211815117347,1.347669424485364,1.8162128776927122,2.1672489049698553,1.2594391589366958,1.1821460463516136,-3.2331650480997274,4.415311094451341,0.4592026343124144,0.210867059359461,0.20089738510365818,1.0
75,60.11280184187059,7.652499432124881,58.560747558671636,3.5877796570848126,1.8506428190320392,16.81166266459259,-41.131881710941435,57.943544375534024,5.146815227216831,26.489706983111045,0.6001256410576028,5.222329538625459,1.320657735804747,1.7441368551409213,2.1850721564122715,0.6887637994534397,0.9002769510231285,-3.117639087940111,4.017916038963239,0.4633324078850543,0.21467692019656232,0.081850440490311,1.0
76,47.43586061177767,6.918509090926842,47.86576804123737,4.30755545470576,2.000679788427032,8.596798248860978,-7.4036205070264565,16.000418755887434,2.0222713570791306,4.089581441662668,0.34118653765764684,3.6223039477658414,0.833260701937129,0.694323397392757,1.233283460317475,0.6899310174845261,0.4401988778048036,-0.6243933349341924,1.064592212738996,0.16660800831810926,0.02775822843572717,0.06641954626984786,1.0
77,48.77264185145193,8.709558722159217,75.85641313473971,3.839390663937616,1.155501423141482,35.078019507487554,-12.408659817164214,47.48667932465177,4.343630706910348,18.867127718014494,0.47746157816096835,4.703519582185238,0.9876308578012336,0.9754147112812005,1.6305423670095864,0.6892612375174902,1.9980499322498444,-1.5385060782645992,3.5365560105144436,0.36241019278959796,0.13134114783779355,0.05398025886510138,1.0
78,85.66482135591015,13.198514852709572,174.20079431719515,10.117890469425024,1.324120134584387,54.58176040882837,-53.49027140969224,108.07203181852061,8.772064428751632,76.94911434216968,0.42440335452695566,5.730754443352114,1.6998712070898134,2.8895621206929794,2.9330942292290922,1.4854994987871104,3.395506852624313,-2.155031020441198,5.550537873065512,0.5594971841268597,0.31303709904588506,0.09658591839198283,1.0
79,80.936347795042,9.969251963441774,99.38598471058768,9.14384933869319,4.4031332124312215,57.2559336388242,-34.826499541767504,92.0824331805917,7.740470385396124,59.914881787194425,0.8673622096329989,6.215133424955574,1.3410309448680855,1.7983639950937904,1.4545295990531093,0.7445136203646638,0.8635517281635501,-2.5350967166508847,3.3986484448144347,0.4040960200878103,0.163293593450808,0.12523739651922133,1.0
80,80.69320244735613,11.953836537169781,142.89420795737522,3.801107862885864,2.0865287592262867,41.949014664148585,-37.73676335587649,79.68577802002508,6.872683695674033,47.23378118078369,0.5258151018631496,5.781386496334595,1.4259574070869272,2.0333545268260727,2.709375563917087,0.6990880258646297,1.7104877552125908,-3.221415113376623,4.931902868589214,0.6812669705045323,0.46412468510042326,0.14491363810867697,1.0
81,117.61440145003502,12.302082846247334,151.3412423559329,3.35988855501885,1.4332264568813224,52.299895386986506,-80.61520496673285,132.91510035371937,10.845686125293017,117.62890752837346,0.3715365206449328,5.644156558778291,1.4069472650089376,1.9795006065161296,2.487943804956318,1.0564971056986359,1.8312199787042438,-3.118583871285518,4.949803849989761,0.7145845270590129,0.5106310463121531,0.14035141440482946,1.0
82,118.6094941603327,14.991279806763394,224.73847024467193,3.3668879707859123,1.7233825555980538,80.01263722488802,-89.94540283529678,169.9580400601848,13.711685992472042,188.010332756154,0.42425305247925893,7.001641603224204,1.4793357099437037,2.1884341427146414,0.910653458800124,0.45467459351343265,2.310226871561098,-3.228608910926585,5.538835782487683,0.5835423918306857,0.34052172306347755,0.057118320194033526,1.0
83,121.86399222973947,13.655350911297782,186.46860851068118,4.18288845371918,1.9274457151259972,102.3374971614995,-57.67798528389952,160.01548244539902,11.312933110431844,127.98245556110513,0.32000753395632486,7.561556476017356,1.3824492158876331,1.9111658345083316,1.8292369783822138,0.8232626939021555,2.3972859554113723,-2.785968243139651,5.183254198551023,0.5796001289226553,0.3359363094471587,0.07239499324684368,1.0
84,97.15827039881886,14.821930568362186,219.6896257733494,5.30863081338189,2.6829890369144493,77.30972374875083,-73.1686511116043,150.47837486035513,10.928363335558673,119.4291251939831,0.43671335497169705,6.702159522124194,1.5203388352972003,2.3114301741128473,1.2990849458432092,0.6532173586373877,2.0119088987376013,-2.9038003347862698,4.915709233523871,0.44328162973351093,0.1964986032591975,0.07516600168499377,1.0
85,111.35218830952537,12.567770246791733,157.94884897614355,4.3112817858646535,2.1239679216803014,56.340817838867224,-79.63091288970658,135.9717307285738,11.308251340789255,127.87654838646196,0.518766818271486,6.873093036617503,1.5365351435598098,2.3609402473943653,1.8170207227865118,0.5227510882842678,3.318134346280863,-4.26299489627645,7.581129242557314,0.6040940165594865,0.36492958084297306,0.09562945302956248,1.0
86,105.25723465890599,11.548442195572568,133.36651714448095,6.369540867405886,3.3067258140522267,87.16803818006812,-90.58450677040481,177.75254495047295,14.89295732382963,221.80017784941066,1.1448936594601542,6.531446446232258,1.6570110859689327,2.7456857390239415,2.109823393848484,1.0175393328870228,2.055554193952247,-1.5823219981888546,3.6378761921411016,0.5337232905708738,0.2848605508978013,0.1360513626770508,1.0
87,124.52890512599876,15.725026653860493,247.27646326462295,6.083953713269434,2.5753560257049557,78.42578295142371,-93.8409233145469,172.2667062659706,15.994892303493595,255.83657980035866,0.7850032557641451,6.843355424059165,1.508762148884895,2.2763632219077663,2.228293439448889,1.158619229816118,2.9454742995755954,-2.8236443232001522,5.769118622775748,0.7417653389303822,0.5502158180385048,0.2822987360480673,1.0
88,110.8473611370158,12.141336055950942,147.41204122353437,3.7416049177059083,1.898834561050835,67.60288667738106,-78.7776059112583,146.38049258863936,12.144524358396094,147.48947189167603,0.6364695936137785,5.462288561582956,1.5658498316634875,2.451885695320572,2.3798135050420637,1.1376905000745454,2.5352799307525618,-3.214186127233682,5.749466057986243,0.6622777301053892,0.4386117917935467,0.13489946743300196,1.0
89,36.7989420903645,4.705297070657379,22.13982052313692,6.659360102479606,2.975295949359909,22.261083651791093,-14.02516497434793,36.28624862613903,2.7676652717569663,7.659971056489563,0.608695891714385,5.721557469780409,1.448508277804537,2.098176230868266,1.5109049597915853,0.5817481338130922,2.1760155539699295,-1.7356384216037077,3.9116539755736373,0.3946557645284323,0.1557531724755214,0.1149533481475013,1.0
90,58.26390672629154,10.373560037174189,107.61074784485736,10.892728582278554,5.511184414049346,21.407139472177718,-23.254005209434915,44.66114468161263,5.452233690235015,29.72685221293373,1.1735053597845493,6.330744582590581,1.7728282710291767,3.1429200785603,2.8989648305069937,1.146695362775735,2.5891193214907604,-3.8303613439228137,6.419480665413574,0.7115743439258579,0.5063380469335151,0.19019280142501505,1.0
91,79.42210498979487,14.288411669152685,204.15870802717862,12.8846282167643,5.983517033065297,30.734827517350634,-23.771568041262206,54.50639555861284,6.6605391768689985,44.36278212660676,0.8188563460093761,5.59746830361727,1.6479197280497773,2.715639430095652,3.0013326984303013,1.408620476248867,2.9276096879214477,-1.612373258531718,4.539982946453166,0.6528135193034087,0.42616549098530193,0.2520760554831144,1.0
92,79.13527951811379,12.92950043387822,167.17198146965706,12.05291195791276,6.143506572876767,23.670453385978035,-14.51867622296929,38.189129608947326,4.793337087337057,22.976080432840902,1.2982621512323895,6.401402759552003,1.5257279022650458,2.3278456317500975,2.03765119894216,0.9989113482085217,1.0882261574924845,-1.554719213848967,2.6429453713414515,0.44969376655458243,0.2022244836780473,0.1606451463244868,1.0
93,73.5441016448634,12.068214037674403,145.64179005912155,13.823884525003376,7.1889238168287015,25.22075247828812,-20.05502966507541,45.27578214336353,4.723752716905696,22.31383973047394,0.8352606964661646,5.696456612667211,1.636542645792238,2.678271831496659,2.2605140703926523,0.8762079940247469,1.180385953040767,-1.8211122658959962,3.001498218936763,0.4324880223226467,0.18704588945255415,0.1397087665349951,1.0
94,81.01737917243436,12.406739070209115,153.92717435625332,9.615933177206493,4.326157488099227,28.31726793188993,-24.10523948354799,52.42250741543792,5.3062866974763905,28.156678515814903,0.9600531951331748,6.17830848048234,1.6144821034022092,2.606552462206022,2.526030151954082,1.25646894980291,2.3539288710965782,-3.921591975125448,6.275520846222026,0.6343604276491431,0.40241315216720375,0.1974964103600223,1.0
95,82.83698435179784,13.538756765270337,183.2979347491533,8.368440716528209,4.551006459685874,35.84641377443208,-33.11698899620674,68.96340277063882,7.425750768326919,55.14177447330783,1.0792869554784232,6.2149725413713615,1.613451987636032,2.6032273164066626,2.5296492887163735,0.7656585201940797,1.8235944820373673,-4.285477607035533,6.1090720890729004,0.7863222675077755,0.6183027083785696,0.19401434538288587,1.0
96,55.541432305171966,9.400205522399864,88.36386386335688,11.010391668464885,5.216451756253473,18.94042721381396,-13.28783567470748,32.22826288852144,4.188149029874024,17.54059229643473,0.8436576703192356,5.776328917227619,1.4837714418356565,2.2015776916070626,2.1302282948274085,0.8129369523105535,2.502461831087432,-3.3019663024040122,5.804428133491444,0.6298287455001339,0.3966842486582724,0.24805620383531862,1.0
97,53.82740822341347,9.089744230583985,82.62345017743483,9.675899198147743,4.835179603984233,19.463429428175175,-14.925262855066492,34.38869228324167,4.582848674287057,21.00250197141463,1.0266831272638883,5.178414685982574,1.5741106881596836,2.477824458578553,2.8179533893377573,1.308221819994626,2.077444473118401,-1.8224129722279567,3.899857445346358,0.5195097400422805,0.2698903699987978,0.1628608841174476,1.0
98,36.72288056035365,7.236583602766574,52.36814223983005,8.91324778127818,3.2958060152126656,27.232740887567385,-9.353991998995273,36.58673288656266,4.186901877778253,17.530147334143063,0.6387390560394368,6.895948862919446,1.5632730158743857,2.4438225221609975,2.1455420203301285,0.9744396319691587,4.323930661983717,-1.8626950848602029,6.186625746843919,0.767385642889424,0.5888807249128146,0.23512072231212067,1.0
99,80.66025815536422,14.050107256885873,197.40551392999708,11.203813061684677,7.8576493549751145,42.13977576555068,-51.759437012339845,93.89921277789053,10.469145307902423,109.60300347797532,0.7517368985656852,6.1034702546993715,1.60675940136123,2.5816757738626985,2.481429313830408,1.6050218061969392,3.1674659520817086,-2.9253958288370425,6.092861780918751,0.7197772678217962,0.5180793152730097,0.22196587834706868,1.0
100,42.88633190225063,8.063657861652073,65.0225781097833,11.317976531707895,5.4505107882033315,11.967665116608963,-11.561171684494141,23.528836801103104,2.997020640307778,8.982132718430842,0.9059257971924666,6.769012844573425,1.3629835585489918,1.857724180874873,1.654258316956132,1.0107121878542462,2.0402952287710177,-1.4626156334177929,3.5029108621888105,0.38809871678728397,0.15062061397193646,0.12982397822472203,1.0
101,61.97157875897628,11.173273369413588,124.84203778764686,12.459616622143196,6.417752858462919,30.170930320600004,-13.544725029459627,43.715655350059635,5.800795850586643,33.64923250018322,1.0574803513779,6.343000946712841,1.6051163950890184,2.5763986417835656,2.5855874634179203,1.1241225373280819,2.8645813375285027,-1.7201655587505593,4.5847468962790625,0.6470451977207315,0.41866748789346053,0.19468466096487447,1.0
102,74.70227245097702,11.66873131013756,136.1592903881846,14.687140887596023,6.69664536372109,32.237344484359674,-16.45052635781437,48.68787084217404,5.239575494749477,27.45315136517923,0.8627717907431052,6.331943715005686,1.5636248288201362,2.4449226053028004,2.40940669175942,0.7355713728474078,1.8127990123517588,-1.0953320624392313,2.9081310747909903,0.372141871775776,0.1384895727287781,0.10146250364455744,1.0
103,35.60975451038662,6.010529192452367,36.126461173322106,7.372270662796076,3.4487668257900985,15.30919746645101,-10.789449042098802,26.098646508549812,3.555271767587212,12.639957341402699,0.7002803939815436,5.549637944046441,1.4213072729065053,2.020114364016927,2.207706584875644,1.068349078827923,1.2437677118328563,-1.8540745699965608,3.097842281829417,0.510492657110784,0.2606027529640284,0.1890516726742545,1.0
104,97.83352285183234,14.447385855827031,208.72695806715095,14.345281737182209,7.735296219295139,55.34966079830586,-35.7391412428655,91.08880204117136,8.13746657483158,66.2183622565012,1.2418598604164455,6.652727219719744,1.7340896965431316,3.00706707565705,2.7897502927053726,0.9799171835120548,1.8581218637831722,-1.1880551492347458,3.046177013017918,0.51709314098614,0.26738531645491204,0.1810031219969263,1.0
105,92.72953055294738,14.590577967456309,212.88496542442144,10.515974083728057,5.64909065428901,45.023232254714266,-41.99315890395851,87.01639115867277,8.326773972233095,69.33516478465853,1.2937450964850932,6.829142939637448,1.6502068950915445,2.723182796607676,2.4753582346664995,1.429937720449478,1.951906029176981,-1.2774178976436934,3.2293239268206744,0.4726557249878495,0.22340343436378965,0.22316074798710778,1.0
106,75.66637379668725,11.643198579848622,135.56407316978897,12.330724109777897,6.149682920903107,24.321716181669714,-20.685764697892473,45.00748087956219,5.049214884374692,25.49457094859093,1.092246238628472,6.28432897054252,1.616448873756905,2.612906961469966,2.926266151812484,1.2443937078043474,1.8212257654760236,-0.9340376525358769,2.7552634180119004,0.4057593423326331,0.16464064389021096,0.16364470215461402,1.0
107,98.37178472616017,13.950942550813263,194.62879805609208,12.611318198117138,6.463796778393434,46.10490163208233,-29.611554528721193,75.71645616080352,8.451834011160853,71.43349815221535,1.0062119558883555,6.45230965933905,1.5521864339905496,2.4092827258642986,1.6235391544106086,0.9703850976200352,2.1753638978580274,-1.9333159882096664,4.108679886067694,0.5147301936223185,0.2649471722264696,0.157919383791576,1.0
108,55.865795301776565,11.974483526600963,143.38825572883783,14.66693992711609,2.1570797332888176,26.78049511499074,-23.861647349525786,50.642142464516525,6.6392364692922365,44.07946089518004,0.8145608980904147,6.831574281964589,1.598356913693154,2.5547448235507044,3.3818645025844836,1.5917281913858075,2.411034670629713,-1.6919187964286184,4.102953467058331,0.5272625911960765,0.2780058400748009,0.07591848390453682,1.0
109,110.94927799602844,15.35953334741558,235.91526465037126,11.685321003188982,6.290017081976501,58.800619019118976,-35.315086230048095,94.11570524916706,9.040418979946436,81.72917533297576,1.0280422636824267,6.367777686131952,1.6293076859231872,2.654643535408371,2.7184403492747804,1.3458367501299593,1.484738672650352,-1.2599114065658403,2.7446500792161923,0.4044635621554419,0.163590773111469,0.16504321963164048,1.0
110,81.6002160833536,13.207449664442263,174.43672663877607,8.154041583654816,3.908035499942324,26.17187204944277,-51.12658641203966,77.29845846148243,7.191436304974307,51.7167561285025,0.8415929634949926,6.442363639224348,1.5809059845805669,2.4992637320826514,2.549645927796255,0.7351266097611302,1.9006534976587286,-2.3693129958857577,4.269966493544486,0.5741538216612669,0.3296526109282379,0.1577882256525689,1.0
111,64.58061494488884,7.820631104891101,61.162270878790196,4.313326190255186,2.5374788418183307,27.081031448268504,-43.41035597528716,70.49138742355566,5.748416327661571,33.04429027612615,0.5684078150118648,5.422191797603623,1.510955965570768,2.282987929893892,2.4975288925555907,1.130342940405484,2.2345837068873258,-0.8986301850931642,3.13321389198049,0.364702006153967,0.13300755329272815,0.07267040821744469,1.0
112,85.44148971366312,11.503057390521437,132.32032932962986,6.166390472206869,2.945581616109809,38.944705309467054,-36.684043161992804,75.62874847145986,6.04904736925461,36.590974075486116,0.4820737231938379,6.451682463512909,1.463966817023325,2.1431988413454057,2.4796189907761543,1.1331193260556942,1.6029407560191138,-1.8768716908533323,3.479812446872446,0.4327600197117926,0.18728123466095112,0.13311758846862154,1.0
113,83.84362827651246,11.691210593628071,136.68440514456123,5.298485071254497,2.73524918251681,28.69912669350463,-45.28706894208701,73.98619563559164,6.56274882845728,43.0696721854174,0.3535541343318087,6.200612055273254,1.5251471336188323,2.32607377918574,2.100912390550363,1.053206174592387,2.008359904834286,-2.3952421427106616,4.403602047544948,0.5013426434709949,0.25134444616248514,0.10266796362383257,1.0
114,79.52144224327172,13.31528805691254,177.2968960385577,8.955081380922685,5.798664523193007,32.63689429037804,-68.81813111836411,101.45502540874215,8.66891257892083,75.1500453009718,0.7638738524070483,6.745884281545304,1.5559906927065212,2.4211070357893196,2.072335314821662,1.2108594379721862,2.346037142779032,-1.590108705091807,3.936145847870839,0.5630902456977455,0.3170706247999474,0.17092477406172235,1.0
115,87.38726041946848,14.131226109262242,199.6915513510949,6.034731299712803,3.3327957652177425,32.635435314160155,-44.21312107141812,76.84855638557828,7.110234088703522,50.55542879616161,0.6124388023026643,7.561498740990439,2.048301347583171,4.195538410511034,4.002092521542908,1.927511786128499,3.506562201221897,-3.3316368066795263,6.838199007901423,0.7598477293017536,0.5773685717250311,0.15130770964729912,1.0
116,111.93862702892152,14.12852799033306,199.61530317362474,4.915279482929176,2.467397954732024,68.16803457469115,-49.008691064445486,117.17672563913663,9.081093541450214,82.46625990856879,0.5207755139595509,6.06039311101186,1.439141024008646,2.071126886984654,2.333961015763755,0.5552177896416016,1.8068915333315836,-2.770180267277917,4.577071800609501,0.458950972192952,0.2106359948768558,0.11059799135437343,1.0
117,36.554449690427575,4.82585643360506,23.288890317767347,6.994954689088408,3.648735818999379,9.373411892727503,-23.400651945289482,32.774063838016986,3.0035116485052407,9.021082222706669,0.698892285038851,5.034588012936114,1.110342080725166,1.2328595362290913,1.9259620901675316,0.7567225638282891,0.44525565198153827,-1.7166400401674027,2.161895692148941,0.3462264673812658,0.11987276671531069,0.08523749322800828,1.0
118,78.91686100099268,12.687148719137182,160.96374262150425,8.247337343945617,4.972467811712637,19.604496339996224,-24.95864902814209,44.563145368138315,4.817087645805646,23.20433338737338,1.0167625356580192,7.013040482558189,1.4568195362282756,2.1223231611363684,2.133508781435713,1.0947347302406718,1.946340285048394,-2.352978728440358,4.299319013488752,0.5482960165315754,0.3006285217443937,0.153741505982887,1.0
119,80.13100705650716,12.126963935419047,147.06325429095423,6.197838900171373,2.5953031741919297,26.384393977541897,-40.739152443011434,67.12354642055334,5.89403017956577,34.739591757632105,0.46552163957872494,6.4809444412060815,1.7348853358221974,3.0098271284508984,3.10584564314373,1.5535110463329458,1.0607454149455986,-2.579038573394541,3.6397839883401395,0.36042511391472287,0.12990626274044095,0.08461005411087003,1.0
120,22.631336113230258,3.655018099655348,13.359157308808193,3.0240013338852707,1.5590551928565635,5.976206828322367,-5.900355318610028,11.876562146932395,1.3510036387590196,1.825210831940112,0.38275782347203346,3.2199484638732963,0.5798481224123826,0.3362238450651654,0.7083438068930887,0.3619893346319337,0.7600392186683239,-0.5353723364960488,1.2954115551643728,0.18967477419071305,0.03597651996429798,0.051863952765277166,-1.0
121,24.091350635653452,4.207795684092746,17.705544519069537,2.2977041050619995,1.3799832373158978,5.2302066482837315,-5.7983853075729925,11.028591955856724,1.7414110088692345,3.0325123018109648,0.537790678062775,4.542021300038123,1.0310375051088176,1.0630383369410152,1.4908827574119494,0.7258909608265878,1.4508904151143311,-2.4705497128001035,3.9214401279144346,0.5129351330083478,0.26310245067429144,0.1902051795918429,-1.0
122,17.982466408699338,3.469745044735917,12.03913067546945,3.7164560972439675,1.7264422655342688,2.6189772859724147,-2.184357835051152,4.803335121023567,0.9958882652115848,0.9917934367861398,0.5628574966489541,3.9019039480745805,0.7879655529260237,0.6208897125980142,1.2228355803450972,0.3534567672361799,1.1895690128197736,-0.7114994207393788,1.9010684335591523,0.26557158709277606,0.07052826787097594,0.052094442888213965,-1.0
123,14.122905260958172,2.6123309402307227,6.824272941286731,4.272547133201534,1.5654664333005925,1.7796881767713648,-1.1355600955349896,2.9152482723063544,0.4374947809591589,0.1914016833665024,0.20632255126938936,3.5660113894938696,0.8663913212540819,0.7506339215443938,1.2723657757418265,0.3492014246238089,0.6628157102501353,-1.0343669787917804,1.6971826890419157,0.16416924082898762,0.026951539634366133,0.049288598611602064,-1.0
124,56.26654705684364,11.292746821769382,127.5261307805825,7.095995971189865,3.587998289606598,19.11116574823334,-11.619834731987318,30.731000480220658,3.7513330260167623,14.072499472084079,0.6127263412517765,6.915022593600111,0.9715188309002032,0.9438488387936975,1.2394476804396382,0.6542353302680777,1.418353274124514,-1.729372001831294,3.147725275955808,0.44218787754485506,0.1955301190476237,0.12120767138258248,-1.0
125,27.82443393224739,5.3281295307455965,28.38896429640329,4.984848426022483,2.646487123027223,11.931122760306723,-7.64797350237569,19.579096262682413,2.126129056812753,4.520424766223486,0.642928535987167,5.339410989051133,1.0778404317478585,1.1617399963104098,0.9710347729297226,0.4679866135117875,1.591163238434854,-1.3888717023827533,2.9800349408176072,0.346922176108016,0.12035499627552126,0.17546349378609594,-1.0
126,12.404824966923155,1.9844458753862522,3.938025432337509,3.1386806607080304,1.5731519102896048,1.4473722504487476,-4.811968536939927,6.259340787388675,0.7269737945420381,0.5284908979508495,0.21134758159678357,2.393784079652966,0.46202682547054613,0.2134687874543905,0.4196465447798656,0.22447954834926742,0.8193621147563082,-0.1822320429167048,1.001594157673013,0.12144617524585162,0.014749173481846102,0.03296747567671876,-1.0
127,12.404824966923155,1.9844458753862522,3.938025432337509,3.1386806607080304,1.5731519102896048,1.4473722504487476,-4.811968536939927,6.259340787388675,0.7269737945420381,0.5284908979508495,0.21134758159678357,2.393784079652966,0.46202682547054613,0.2134687874543905,0.4196465447798656,0.22447954834926742,0.8193621147563082,-0.1822320429167048,1.001594157673013,0.12144617524585162,0.014749173481846102,0.03296747567671876,-1.0
128,10.313421124437806,1.2627090239056682,1.5944340790528055,1.214351119471612,0.6377802977018261,1.2272261709636627,-0.9358090445530536,2.1630352155167163,0.39757508009445497,0.15806594431211227,0.22118350593506975,1.5876729952984652,0.3268801413122544,0.1068506267843194,0.3542771155778961,0.19005771911364333,0.2933773587219324,-0.2841339406718977,0.5775112993938301,0.07901854145774975,0.006243929894110117,0.023712421712190013,-1.0
129,19.99248247642098,2.0501428653284814,4.203085768257275,1.6801753505668113,0.8765476603737801,5.187315079191054,-12.536191655241861,17.723506734432917,1.6820361323624966,2.829245550572986,0.3898157252330856,2.9809564052498323,0.6579615558682171,0.43291340900052505,0.8057120637780055,0.4080314461428968,0.6658731998876314,-1.8084127775292675,2.474285977416899,0.3009145305796738,0.09054955471398546,0.10568973835105142,-1.0
130,49.758368273587905,6.572211336253253,43.19396184837577,0.935957579170565,0.49893624137558534,14.776614123459865,-17.67463938801416,32.45125351147402,3.650041764490185,13.322804882522622,0.25562101965039385,4.412552927727893,0.9889376538229829,0.9779976831489061,0.8112765785275258,0.33978166423312084,0.7527284603118534,-2.5427016117161827,3.295430072028036,0.36039212386760294,0.12988248294580165,0.0808849855225038,-1.0
131,60.94949800826911,8.014831303056065,64.23752081644737,0.7986425277219169,0.40131794331691406,30.387265020151244,-20.338250048959573,50.72551506911081,5.060711332196042,25.610799187817438,0.2424663081450218,4.4431128828784,1.0463945034310196,1.0949414568106501,0.8871936087470005,0.2713498738920196,3.8325835309158167,-4.0714004537076764,7.903983984623493,0.6913832086473916,0.47801074119956255,0.044229636166638296,-1.0
132,27.29990875680723,3.481696619589558,12.122211350861352,0.7555542140046922,0.3273963639723618,16.665942935440302,-12.801152711043699,29.467095646484,2.710944783991727,7.349221621851951,0.24102709027750047,4.000271543283031,0.6319106937321751,0.3993111248530788,0.7716066138183607,0.37913973778332993,2.939300992325088,-2.4669563310712688,5.406257323396357,0.48244098372872524,0.23274930278114014,0.04085209540691516,-1.0
133,62.000534540115055,8.923123794314007,79.6221382486528,1.2578217616662517,0.5234452346425931,18.43992284110463,-22.409767773599256,40.84969061470389,3.569990154754193,12.744829705041864,0.21343462066248797,4.5461887455318,1.082722038783955,1.1722870132684837,1.2984929415369302,0.4890863271357593,1.9145089845259016,-2.529285233900423,4.443794218426325,0.42654479797558265,0.1819404646800306,0.06716433869297089,-1.0
134,12.960995888433882,1.3472524724424026,1.815089224502167,1.1023219137724034,0.46606204877511903,1.1285246204402686,-1.1511647970120515,2.27968941745232,0.35814996191927756,0.12827139522277997,0.18353695583128093,2.01651982385495,0.441385209638669,0.19482090328777177,0.4095426707119607,0.21365957368035665,0.13746995539606233,-0.4162532505416663,0.5537232059377286,0.09188510511929128,0.008442872542783208,0.046383054649174235,-1.0
135,13.16343496280511,1.2984791186382774,1.6860480215396374,1.2437772235837823,0.6206477242791362,1.089474162072264,-1.3860925858662299,2.475566747938494,0.3656426422045332,0.13369454179831228,0.19429232528669793,2.050023277916619,0.4562104269537778,0.2081279536613482,0.406966595946876,0.2180562832880123,0.3686990276459079,-0.44807450857816444,0.8167735362240723,0.09964151750734974,0.009928432011167486,0.042307907660989574,-1.0
136,28.524059109986432,2.3780836966918297,5.655282068471478,1.9142901385803697,0.7908792799401283,21.08515339341763,-20.75731024962021,41.842463643037846,2.8140172675261135,7.918693181935133,0.17201631009343155,4.798853174457414,0.8421080013244927,0.7091458858947318,0.78450389042962,0.24700211170735337,1.9221974477497494,-2.677256971123707,4.5994544188734565,0.3659255319148313,0.1339014949071522,0.026984513772576074,-1.0
137,85.15865333540685,10.12232193925728,102.46140144196926,3.0333242856407523,1.828059028465555,58.62957620388944,-43.391554082813656,102.0211302867031,8.361246784064717,69.91044778403257,0.3761221261689123,5.242253714768106,1.0769625942109202,1.1598484293295153,0.8858113006660915,0.35118546617214014,1.4023426933007892,-2.7616893066451227,4.164031999945912,0.421181533029382,0.17739388376498041,0.10217070475219035,-1.0
138,11.575549356726013,1.267842462969915,1.6074245109096204,0.5926203200398295,0.2643468016145931,2.5439753702672547,-2.517654670039957,5.061630040307212,0.4916071727574839,0.2416776123066066,0.17114216150402495,1.7562854722396357,0.49083278826121857,0.2409168260322822,0.734637436319579,0.1940934839143829,0.5154640914177306,-0.4597096168357234,0.9751737082534541,0.1115415946406515,0.012441527334979415,0.01991890108948749,-1.0
139,19.139959265891868,0.5581818485918656,0.31156697609743234,0.6923851193991766,0.26708274653207553,1.181612970900531,-1.2034511018824858,2.385064072783017,0.25882258786083495,0.06698913198697963,0.10451284930341309,2.833858048667929,0.4694699488056197,0.22040203283155121,0.8557014919913737,0.37214615325485,0.10626773619706764,-0.32938345426402993,0.43565119046109757,0.05648142950506431,0.0031901518789355494,0.024061620125190863,-1.0
140,22.10704753805899,1.5660928636115874,2.452646857455142,1.5960879188678057,0.745297891179959,1.6498606993057834,-2.0668150770138247,3.716675776319608,0.5855631464350537,0.3428841984629202,0.25824794347003,3.1860761792524674,0.5385224807004866,0.2900064622198059,0.567240903124925,0.28945237301451643,0.18411067012642213,-0.1543466418966979,0.33845731202312,0.0638768246364728,0.004080248725638698,0.030045427855013296,-1.0
141,23.32950629953407,1.8879728335368384,3.5644414201731185,2.6906472105684216,1.346546765971837,2.4874935078193516,-2.1301921004850826,4.617685608304434,0.6068548849871203,0.3682728514327309,0.33193572057459164,5.497812917879254,1.7027545281345196,2.89937298308261,3.0827080536520564,1.7679493516491827,0.1731830081746235,-1.9271213030459702,2.1003043112205937,0.2038705543933453,0.041563202948649965,0.060285571011112205,-1.0
142,32.656885905119616,3.0654303521151807,9.396863243669001,1.2883922033613544,0.6363254838264325,6.558486634376234,-3.2308505140417942,9.789337148418028,1.1953395878892608,1.4288367303752676,0.1568777388167053,3.7379887707161457,0.371075767964584,0.13769722557050582,0.6159012945846447,0.27205125078669345,0.3397975790274188,-0.3892263780923093,0.7290239571197281,0.08735488152062794,0.007630875325482944,0.025961041520875305,-1.0
143,27.71413997023902,2.1402711364186753,4.5807605373868885,1.7674775862125927,0.861443501438135,4.445341860725851,-12.05255195741634,16.497893818142188,1.547772755349171,2.395600502201164,0.1879292549821674,2.1466251652302972,0.6301295257965918,0.39706321928063754,1.1716823157637895,0.2882342337825685,0.824716974298916,-0.4132068341867725,1.2379238084856885,0.11199046488543107,0.012541864225254969,0.024842938440697793,-1.0
144,26.93385438031475,1.9895915319155681,3.9584744638701372,1.3800426144022317,0.730518006688424,3.1079092295117867,-2.958520786648826,6.066430016160613,0.762774303519417,0.5818246381095317,0.15562130551241893,2.222913844484307,0.4274828324663423,0.18274157205344685,0.7259568387810327,0.3412937747727357,0.15023683040205427,-0.19694916537316098,0.34718599577521525,0.05723507797373392,0.003275854150659402,0.03598254118164457,-1.0
145,25.38629849210002,2.3100096358468907,5.336144517705485,1.82598285041826,0.8411180922088448,10.289505747554973,-3.0982743397158927,13.387780087270865,1.2577112579662784,1.5818376084151182,0.1618828201019742,1.627934104931769,0.28342068873901266,0.0803272868052963,0.3574674884041843,0.15742355479389802,0.7222935879068484,-0.5724355198330946,1.294729107739943,0.13590283570529876,0.018469580752741428,0.028974149513829817,-1.0
146,23.220271466544055,1.3146551890882328,1.728318266196617,1.2822237490098445,0.64122774175204,2.2296023950997146,-1.4271879081962382,3.656790303295953,0.4605372078229458,0.21209451978935517,0.1685113875868467,2.3918357176026954,0.44514231453111214,0.19815168018611556,0.8573676719739232,0.38761673031109223,0.175759552395371,-0.11975896126497898,0.29551851366035,0.041002856535283363,0.0016812342440530295,0.019086569523952712,-1.0
147,23.293884149278323,2.084227380287305,4.344003772739282,2.994003736458076,1.4061492513569007,4.3137310688545,-2.485888175814761,6.799619244669261,0.9021110804377498,0.8138044014485644,0.22464996640047374,5.038888744554696,1.4286978539746695,2.041177557951826,2.8305326643755273,1.310168384264077,1.1576527401378187,-0.9770221656818956,2.1346749058197143,0.21353050571144908,0.045595276869387184,0.1136030103816138,-1.0
148,21.434342681314025,1.6714047724261083,2.793593913288771,2.879719413331493,1.1846365983851683,2.039432654925349,-1.9551600555449546,3.994592710470304,0.46025537115967485,0.21183500668133007,0.12779152491006762,4.112175261342833,1.288372477997488,1.6599036420613882,2.4351459828598054,1.2447011343001737,0.5346752456919539,-0.5224531453346872,1.0571283910266411,0.0994368924707808,0.009887695584245624,0.06393555550263819,-1.0
149,27.232946966129095,2.9947938590556866,8.968790258237652,3.4736456750671936,1.0993804029078937,20.413969824357757,-16.57123719048804,36.9852070148458,2.8953974394292725,8.383326332253587,0.30966347056462196,4.122715732378356,1.2219868018567726,1.4932517439121429,2.1411892045523424,0.9213150944314967,0.8745206873124352,-0.9423463184777375,1.8168670057901726,0.21411392004605131,0.04584477075748686,0.08581006360981153,-1.0
150,20.821959808336967,2.590278602044061,6.7095432362073355,3.4061520176483437,1.5243480007378913,7.8203709404331665,-13.205947883451344,21.02631882388451,1.8265947025886091,3.3364482075247692,0.30087774064660744,3.6980236897564627,0.9768185429429378,0.954174465837164,1.196988860907433,0.6661065968235411,1.7435244955893225,-1.6061629845468643,3.349687480136187,0.2973469504414968,0.08841520893685795,0.0946024112583922,-1.0
151,29.986728139628706,3.0238391733644177,9.143603346373204,2.6749005165954554,1.5081091296239677,20.754068118811304,-11.775847973914587,32.52991609272589,2.8503838882752515,8.12468831053914,0.34266924726980097,3.420168951967139,0.9166345109076707,0.8402188265869447,1.7420127679548312,0.6893691813761585,1.7420127679548312,-0.8134816628709709,2.555494430825802,0.29251058558629744,0.08556244268003864,0.10005649766126867,-1.0
152,29.610565111459795,3.9808813938433536,15.847416671848203,3.690367722283069,1.5728675906462968,21.023626279140096,-22.502301388158585,43.52592766729868,3.597486679491425,12.941910409118238,0.19085519188812983,3.295888737503134,0.6138712307173563,0.37683788790244166,1.0358532340520434,0.3525588037022891,2.022690634300023,-0.7313332770548677,2.7540239113548908,0.25085974709727865,0.06293061271371062,0.031025917907742284,-1.0
153,17.12782946493805,2.0601659440203766,4.24428371690137,2.118219767032297,0.9840671820098272,5.6895109866628655,-5.45874552522087,11.148256511883735,0.9872064744269796,0.9745766231505467,0.28334552975865623,4.309792387111007,1.1542200489434422,1.3322239213830023,1.786385094942555,0.6560189674659198,1.3984820575681989,-0.9114900436740994,2.3099721012422982,0.21478957828592218,0.046134562940244296,0.11156337689125068,-1.0
154,12.52376166173726,1.4684839477678786,2.1564451048519335,1.6005343255525712,0.7528882874741925,1.4523507957057813,-3.9169367352033566,5.369287530909138,0.6668602767681001,0.44470262873122707,0.2550662013902416,2.4707768555658767,0.5197405306316577,0.2701302191812771,0.929524260030873,0.45609899932708053,0.3159453789657003,-0.3616771376767485,0.6776225166424488,0.09533758514627057,0.00908925514152239,0.043258904938971665,-1.0
155,23.319244167425325,2.2612172043481067,5.113103245239867,3.356749241426434,1.5789216234734695,15.582415015246765,-13.482438323555069,29.064853338801832,1.9518856298531848,3.809857512027364,0.1517286853509976,2.0083198624721113,0.28228719500161675,0.0796860604618808,0.46610594228356805,0.20509188169633236,1.4140710846021016,-0.447873371880396,1.8619444564824976,0.15619080972481172,0.02439556904249234,0.036252165508835255,-1.0
156,106.28497010306772,10.788400698278988,116.38958962662653,2.399135345456644,1.1299972094832889,88.8895681332942,-87.00287727941395,175.89244541270816,13.824927698569088,191.12862587066277,0.24778505062691902,4.980814089082226,1.1594411654956698,1.3443038162459573,1.617274141772299,0.5694597919688735,2.461757900745014,-1.5557834394782684,4.017541340223282,0.39649327284351266,0.1572069154101602,0.03989734219270882,-1.0
157,56.50569818823585,5.478369384859513,30.012531116966,2.9490859627434975,1.7936702502088995,49.94433120109056,-36.2431892431422,86.18752044423276,6.638903830400931,44.075044069312156,0.2409429807696064,5.128082340407572,0.9030794392305731,0.8155524735610064,1.063691189995015,0.4645491395257848,3.3642039460730877,-1.870956942441792,5.23516088851488,0.5420377952749464,0.2938049715065248,0.05669596395237669,-1.0
158,25.78728353219858,2.3984612613881446,5.752616422379609,3.002417215102165,1.6716607183005259,14.211558334613764,-7.0249475187912935,21.236505853405056,1.6042842927112002,2.5737280918398757,0.1640513219429316,5.397189889192338,0.6969743336129489,0.48577322171521414,0.45127829558948807,0.2313202571320202,3.1308853972936883,-1.3966301771020415,4.52751557439573,0.3734663962425017,0.1394771491223613,0.029899686801184044,-1.0
159,14.808530149207924,2.3147498101665382,5.358066683666024,4.165220221893865,1.60596779056827,0.8878360550141089,-1.0346939549345961,1.922530009948705,0.3122110681634331,0.09747575108375185,0.17407724057422902,1.9169081928981369,0.4555477244369396,0.20752372923967385,0.6672770220566253,0.34441460685022707,0.16971244052468926,-0.128168581171327,0.29788102169601627,0.05886580926076047,0.003465183499924233,0.04193971446801098,-1.0
160,11.14542445176495,1.2226410663568672,1.4948511771422575,0.5479830732575133,0.26877316199729995,0.26683022502705,-0.7692299755126708,1.0360602005397208,0.2270596655614049,0.05155609172485704,0.14747993788624036,2.1873419325747863,0.6938026473829542,0.4813621135155959,0.6087976543153777,0.13589823359622888,0.14414279194282525,-0.5637388173539755,0.7078816092968008,0.10200875546572753,0.010405786191666596,0.0372504758977214,-1.0
161,14.315274425940986,2.1083351022374117,4.445076903326437,3.538429863847168,1.656516479254639,1.0324202686317747,-1.8428750226197792,2.875295291251554,0.39573742704623655,0.1566081111651754,0.1839925429269451,3.021157806206091,0.8119570701240832,0.6592742837244854,0.9878166988086671,0.5432993525587447,1.129181743956597,-0.3673104352165273,1.4964921791731243,0.1582100221816423,0.025030411118715745,0.060937862378455054,-1.0
162,10.869986234581901,1.5543177560510413,2.4159036867755446,1.916154205376861,0.6899080206550199,4.732608754745746,-0.7420447819180795,5.474653536663825,0.4913496313423874,0.2414244602203,0.15848932135295257,1.6240155479551295,0.3207281634487688,0.10286655482922018,0.4173642930069228,0.19474574663391947,0.16785370992819004,-0.21375218185566602,0.38160589178385607,0.05157092561216996,0.0026595603684959673,0.02367253692090221,-1.0
163,15.52406152203733,2.3133038422577568,5.351374666604501,2.673645452615016,1.0912211251915256,1.1930443483883613,-2.1271183993364975,3.3201627477248588,0.4706125527650328,0.22147617482002074,0.24208589999843966,3.0759549248973075,0.9115141676006338,0.8308580777366762,1.4454729260499322,0.6498155381312645,0.30094219242770226,-0.37121460966126274,0.672156802088965,0.11215911748337216,0.01257966763464888,0.0680872868220016,-1.0
164,18.93871030746286,2.635387869217806,6.945269221220366,1.763872314650297,0.8638771308120106,1.968449878498948,-5.442720510241365,7.411170388740313,0.7762805306297201,0.6026114622347598,0.26226421519161747,3.12076673110952,0.8776469249321815,0.7702641248429143,1.1963727660109096,0.6397447490085124,0.5810247106996544,-0.49774454096319953,1.078769251662854,0.16542612928045441,0.02736580424871362,0.08007928043046929,-1.0
165,19.082493812392553,3.3956142862402277,11.530196380918731,2.900998162362562,1.4187799769351797,4.645744592494527,-4.455409947716177,9.101154540210704,1.3304598400495873,1.7701233859847734,0.5150973066593427,5.509883709299136,1.177774434448767,1.387152618441113,1.3779723517401261,0.7269580497819466,1.274958472793415,-1.6679575923300682,2.942916065123483,0.43397459865011845,0.1883339522735314,0.1642814881465039,-1.0
166,22.245670430220798,3.3342897815767,11.117488347526798,1.2650177003823444,0.5997957783295664,1.980023696464384,-4.414920815240553,6.394944511704937,0.7179282150994122,0.5154209220358278,0.24883384479734882,3.7923457911957343,0.9094232469481506,0.8270506420897168,0.9300738625929189,0.3046036216126611,0.5136768071180446,-0.718533353608614,1.2322101607266587,0.2004197405023609,0.04016807238303367,0.09193289721978642,-1.0
167,16.994630931561886,2.7295257531350567,7.450310837027498,2.135998342304,0.9782672541004036,1.1900283141523804,-1.8417140674701962,3.0317423816225766,0.4761888413643975,0.2267558126399673,0.1926326097482005,1.6774196672270179,0.5061381346046406,0.25617581130106537,0.9508517724156181,0.4636842890990339,0.15332495654844913,-0.14369153374170762,0.29701649029015675,0.0686126339682957,0.004707693540067326,0.04359007094412223,-1.0
168,13.557133745375532,1.9246182140110482,3.704155269703077,2.2676407912501855,1.1514755237643177,3.286597044401317,-2.9342417433624526,6.220838787763769,0.7316887886412036,0.5353684834232318,0.3125957938857189,1.5886943884838267,0.3565383664406106,0.12711960674413914,0.4045442506778505,0.20587509296040063,0.41434318022083994,-0.3051554792195822,0.7194986594404221,0.10212657571103834,0.010429837466462444,0.051111546184429646,-1.0
169,19.239178166699325,2.954293530081847,8.727850261883463,2.4083096034903297,0.8194595531172477,3.2209621532725823,-7.574685690384721,10.795647843657303,1.088037920605889,1.1838265166763868,0.2505750808690683,3.9505176648130553,0.7513925410461153,0.5645907507397381,0.46885719255525515,0.1654137855941661,0.9110237725247035,-1.2269310737352277,2.137954846259931,0.2816818550915866,0.07934466748783761,0.08090508260844043,-1.0
170,25.127062270388873,4.584826050951707,21.020629917485426,3.095968857966864,1.553994555818905,3.96513210246637,-4.05967655412869,8.02480865659506,1.1854899905473657,1.4053865176879934,0.31633958545371677,2.9086708614073196,0.7852542217355306,0.6166241927534738,1.2572318427405722,0.5641156650533214,1.5661286934869625,-0.7144389409797729,2.2805676344667356,0.2629205536603474,0.06912721753706362,0.07313478905602205,-1.0
171,25.61633574752642,4.733913290860823,22.409935045388742,3.406056857110052,1.6073374628264627,4.9107136084776135,-5.510344232942144,10.421057841419756,1.378259637753644,1.8995996290608061,0.36594659454271916,4.078969389441407,0.9495316299231936,0.9016103162245968,1.257609422901035,0.489751682275253,1.227612155320625,-0.9598750371972813,2.1874871925179065,0.36822618835053655,0.13559052578716482,0.12955462776221033,-1.0
172,24.784389949320925,5.02759903217532,25.27675202833021,3.654132088721372,1.2957611232820634,2.5941561753214604,-2.1272311203155514,4.721387295637012,0.8530318090090653,0.7276632671812785,0.5082261197560158,3.185281598226443,0.7742867169609816,0.5995199200622152,1.0540706369890471,0.5432715124134646,0.8181419789288924,-0.641882942218798,1.4600249211476903,0.23881568745747625,0.057032932575786975,0.1358113392024552,-1.0
173,24.93486771631243,4.387048444320746,19.246194052817078,3.2370106510399905,1.645717645675199,2.396755211069184,-2.9295289890848952,5.326284200154079,0.8479969232080918,0.7190987817703904,0.3233651528560446,2.890806050221979,0.6408500693598714,0.41068881139855196,0.8671115838634047,0.2877501086682438,0.5634172874773533,-0.49118873051276135,1.0546060179901147,0.1845334215244349,0.034052583659514774,0.10208565555097077,-1.0
174,21.751646593763883,4.394272718066048,19.30963272073958,2.2797339012156472,0.8571224911095268,3.6086581707647056,-3.413831502269078,7.022489673033784,0.8936179715222711,0.7985530790275784,0.2968724614338618,3.557615591937948,0.7413821928560388,0.5496475558840287,0.8968999490088834,0.29728378190995963,0.9621178899375122,-1.3658866800152827,2.328004569952795,0.30858900063123657,0.09522717131058532,0.08066593059425176,-1.0
175,24.602728621638697,5.029622131645047,25.297098787133667,4.053040076200389,2.2562520021743984,3.4541747299002843,-3.219473711465355,6.673648441365639,1.106616983310661,1.2246011477515875,0.4555196696706809,2.9849906633019807,0.7081467346053658,0.5014717977322424,1.0234312555896365,0.46260594701955604,1.5051357450189915,-1.7208005860151074,3.2259363310340987,0.30233942175371137,0.09140912594636856,0.11440594867852283,-1.0
176,25.887273201710528,5.8058751019067305,33.70818569894049,4.864142389885033,2.2294248895745516,4.535800628055263,-5.034399372613892,9.570200000669155,1.6611912455226996,2.759556354201258,0.7322389037374366,3.5183919409298334,0.8254891027956822,0.6814322588344205,1.2076508084333721,0.29187958721514956,0.7186045920857693,-1.3055170109222742,2.0241216030080436,0.2798284022972986,0.07830393473225879,0.09213590919714998,-1.0
177,30.551490915829298,6.044494448718848,36.53591314059297,6.198861018018167,2.8195791209496823,5.836976294128798,-4.000061655358088,9.837037949486886,1.4983036706657031,2.24491388953032,0.5439605634158515,4.9125813601405115,1.0392380817458564,1.0800157905508074,1.6766727329387665,0.802828985649392,1.6029959064970272,-0.8535483684080294,2.4565442749050566,0.26913578160434115,0.07243406893977962,0.09831157027735504,-1.0
178,26.046905633683245,5.302087537330513,28.112132253515544,6.046076073669122,2.9286764561832914,3.2260546228334572,-4.104696217648447,7.330750840481905,1.3800324012910676,1.9044894286131904,0.6200818211525725,3.8759422660818874,0.9043862813823985,0.817914545952683,1.1559154707263977,0.6059058651900184,0.3561824482845193,-1.146535538035625,1.5027179863201443,0.19868681837716887,0.03947645179684209,0.09044372717056465,-1.0
179,8.730024123678009,0.9384983571046785,0.8807791662881808,1.4541641972225117,0.37893814465129605,0.8525722944188354,-1.5195692468179454,2.372141541236781,0.2604897123747781,0.0678548902530946,0.13538268877538995,1.1225437808834007,0.30690889784935416,0.09419307157910531,0.5195780060268183,0.2757321000804209,0.21113913141244967,-0.2620414754066806,0.47318060681913027,0.048693086680138206,0.0023710166904394527,0.018727464142829678,-1.0
180,8.540179991662939,1.2357028731190216,1.5269615906346046,1.314291410344234,0.357562017004164,0.3582661482279592,-1.0316165269842372,1.3898826752121964,0.24406651454758801,0.059568463523407986,0.1489612611662836,1.226432607198618,0.2316243465242861,0.05364983790280257,0.18098228629067115,0.0836706927763361,0.09379912581237437,-0.25003129383996625,0.3438304196523406,0.06650229759769354,0.004422555585772195,0.02800749966679056,-1.0
181,9.557861109578857,0.7975638914767139,0.6361081609874795,1.3728443772668637,0.6919748567387267,0.9180735470157231,-1.1287665814471772,2.0468401284629003,0.35645250023028285,0.1270583849204198,0.23335934010599946,2.012037820221081,0.37237952476467234,0.13866651046396322,0.42090633605895267,0.22038198075405024,0.3157735713384351,-0.23558830803441722,0.5513618793728523,0.09492146732867449,0.009010084959828617,0.051161593087619694,-1.0
182,6.93373279698605,0.484925036699905,0.23515229121840422,0.7084299228450304,0.3610301118074286,0.5232771828559688,-0.3762903037221843,0.8995674865781531,0.20542107424028505,0.0421978177420327,0.13702764679786839,0.8658282855162448,0.23685657097118093,0.05610103521222607,0.3738204974277891,0.18732276371893705,0.1036263438143549,-0.5137721484631319,0.6173984922774868,0.09278187610607543,0.00860847653376313,0.0339457392360194,-1.0
183,13.419735303648876,1.8660626869818235,3.482189951745823,1.938170562483549,0.9318037289069929,2.627701203685186,-3.194866731042418,5.822567934727604,0.8386551381825607,0.70334244080001,0.2429746290201904,2.2488935812972564,0.4336908887399058,0.18808778697600934,0.5822023703260244,0.27867852890926503,0.620808886559691,-0.493985815460269,1.11479470201996,0.13362603433594306,0.017855917052350633,0.034104673107810846,-1.0
184,10.606890822479507,1.0445889319384054,1.0911660367282188,0.9413632505554839,0.32701410271044207,0.5979564361424679,-0.8215676707218043,1.419524106864272,0.21532399839461855,0.0463644242846457,0.11571448959005659,1.7341347611993712,0.37814445871056207,0.142993231653504,0.4006161693615815,0.23618659510065,0.27273833803681236,-0.3167200409633778,0.5894583790001902,0.07264859304499878,0.005277818071417845,0.020736414699292896,-1.0
185,12.268321322821636,1.7010593245456938,2.893602825623852,2.0159829698255063,0.9838495223282147,0.7550427015327852,-0.8165879265468838,1.571630628079669,0.27877674183868373,0.07771647179019213,0.1431878716071382,1.6660433667825096,0.451077219533235,0.20347065798183428,0.7521176715910507,0.3813787166960957,0.14195174808199118,-0.5845349954829401,0.7264867435649313,0.08977257205397694,0.008059114693186481,0.03406907499218248,-1.0
186,16.490349346511735,2.5834863626207336,6.6744017858473095,2.687672237529494,1.3602079793074155,3.358186834059368,-3.1797994204827447,6.537986254542113,1.0067035464841487,1.0134520305037624,0.3726356536019795,2.5557475012215116,0.5077301955370997,0.25778995146014155,0.7351381779279803,0.38997121373474897,0.7222363117831038,-0.8369855684288547,1.5592218802119584,0.20628824035176954,0.04255483810742944,0.07910090663617628,-1.0
187,13.75930428873495,2.101419855119261,4.415965407489455,1.1045085681491873,0.45424217148705326,2.0478149032075503,-4.557443892496719,6.60525879570427,0.7919885420544335,0.6272458507455072,0.1930946288511839,2.8118165391788987,0.5014397152068092,0.25144178798668587,0.5578660372102455,0.2752498087928595,0.5837221449555894,-0.3000435079738115,0.8837656529294009,0.11603334758448305,0.01346373775166146,0.0364430946833218,-1.0
188,15.40137990213864,1.8929127951676181,3.583118850109285,2.0035392374752794,0.9687517977886824,2.7877564026986352,-3.1083669531391465,5.896123355837782,0.7144872728248783,0.5104920630287321,0.21634512177690945,2.3682715089279776,0.5438085587077821,0.29572774852383527,1.0167136350730006,0.48017537394846943,0.5497832586644291,-0.47177233252837725,1.0215555911928065,0.12512211036958362,0.015655542503338265,0.029850061827131222,-1.0
189,31.11828798970149,6.68342273306509,44.668139428851234,8.030462150416172,3.8279820335039965,9.009369399077176,-11.891192111694654,20.90056151077183,2.578675286375337,6.649566232562925,0.8302262956526514,4.982009166992771,1.1329755629194158,1.2836336261725674,1.4288464993896293,0.737034437903433,1.8742712849518872,-2.341630043530988,4.215901328482875,0.46667047487738156,0.21778133212228082,0.20846408431104635,-1.0
190,36.98006843219736,7.333593974128207,53.78160057736955,7.224002370243367,3.678969246346881,9.313648061933502,-7.5007834248046095,16.814431486738112,2.746879850691909,7.5453489141372065,1.2485442255586152,5.59949002945804,1.2267935868226396,1.5050225046691574,2.017277765033063,0.8014392360300844,2.667909505934972,-2.3489580378023422,5.016867543737314,0.7300885294404,0.5330292608204459,0.2317303672727351,-1.0
191,34.5529813088538,7.630251451530535,58.22073721358384,9.463921355946164,3.8545876431004915,11.328802793626426,-13.003665371454085,24.332468165080513,3.095720611472039,9.583486104292813,1.2237953565400659,5.783284115448592,1.1513619013867078,1.325634227964815,1.4899566708771275,0.5856132491304225,2.9155386815375817,-2.808041800244096,5.723580481781678,0.6765992550174993,0.4577865518902351,0.1967750188750652,-1.0
192,30.37603239019211,5.453199623085959,29.737386129224845,2.592088292701396,1.3364990041806175,9.703479635643484,-18.08257298161257,27.786052617256054,2.787656750705513,7.771030159754018,0.5904027269192147,4.68061926031161,0.8903384453296624,0.7927025472320404,0.7991391669063552,0.4283418805100567,1.0322229836649068,-2.4621270022015014,3.494349985866408,0.4839969345286689,0.2342530326331486,0.09916118354635406,-1.0
193,29.56235555330461,5.249071118580486,27.552747607915787,3.9549650146274162,1.9558161583448905,10.234602194931185,-4.832558681716684,15.067160876647868,2.2119714476355714,4.892817685155005,0.9942130953379449,4.41133579995901,0.9737998422600395,0.9482861327856777,1.6973278754186905,0.7640129225228387,1.348258891600925,-1.7396158853321144,3.0878747769330395,0.346323507203309,0.11993997164160042,0.07043555599159762,-1.0
194,28.03642414164117,5.841770947272631,34.12628780039858,6.954699791802446,2.793772519755051,5.027609659296733,-6.6538295583443166,11.68143921764105,1.554487503126812,2.4164313973774303,0.4666614556043176,4.855165885940459,1.0143823057364358,1.0289714621911679,1.252957483340773,0.5532340720245736,1.5369282789497882,-1.9647564136884688,3.501684692638257,0.4099654934129865,0.1680717057893535,0.07801616529849925,-1.0
195,37.74202221728454,7.979876378966997,63.67842702359544,11.075906743436388,3.755003395426388,10.316953061778353,-13.692772669118998,24.00972573089735,3.2692175251595095,10.687783226810069,1.094531255091176,5.763382204053451,1.1403118682362616,1.3003111568404733,1.3800998794782755,0.6988582049950096,2.5062116881258767,-2.136173496583508,4.642385184709385,0.7196211617954197,0.5178546165037896,0.18421729714882962,-1.0
196,39.62555264195062,7.05239469159246,49.736270886001506,4.056310594918752,2.1270317221651283,5.809851469333434,-7.548055450370903,13.357906919704337,1.8529006919138595,3.433240974094859,0.48308859606423304,4.324199372138153,0.8599777777608546,0.7395617782424979,1.0518075085706442,0.36338433623994604,0.9483571910425939,-1.5539651980763591,2.502322389118953,0.3252471766045821,0.10578572588925221,0.10195152047172801,-1.0
197,30.941581040567403,5.536390312740808,30.651617695010266,3.251433164751992,1.4508548923619822,7.097580949349485,-5.506960304558467,12.604541253907952,2.042887556619144,4.173389568989337,0.741664465245446,5.165247389041498,0.8638261488682919,0.7461956154686245,1.1001554182303526,0.5663546521247866,1.1303190773821021,-2.155062448473579,3.2853815258556813,0.3943398031558297,0.15550388035297852,0.12614277947290436,-1.0
198,26.3277234598816,5.148723774102648,26.509356502009815,6.240720075830085,2.4618703300930598,6.959183890486658,-5.000876682807917,11.960060573294575,1.7182946314414473,2.9525364404404995,0.6969113925207644,4.931751690829538,1.2858990013813258,1.6535362417534911,1.620561272837017,0.5750513198184276,1.7668019121808407,-2.330705860601923,4.097507772782764,0.5633343290532883,0.31734556628991845,0.1547607962707806,-1.0
